Rank	Team	Rating	SOS	Raw Win%	W	OTW	T	OTL	L	GF	GA	GD
1	Winston Churchill	1603.1579	1506.5064	0.833	10	0	0	0	2	61	19	42
2	Walter Johnson	1585.1789	1510.5967	0.722	8	1	0	0	3	54	24	30
3	Wootton	1548.8627	1502.3888	0.667	8	0	0	0	4	43	32	11
4	Silver Spring	1537.2885	1499.8757	0.625	6	0	3	0	3	57	48	9
5	Rockville-Magruder	1536.4693	1496.4357	0.611	6	0	2	1	3	41	33	8
6	DC Stars Varsity	1512.0148	1498.3141	0.556	6	1	0	0	5	36	49	-13
7	Sherwood	1498.3988	1503.4611	0.500	6	0	0	0	6	45	41	4
8	Walt Whitman	1484.6257	1512.6774	0.444	5	0	0	1	6	35	50	-15
9	Richard Montgomery	1481.3680	1487.4365	0.500	6	0	0	0	6	49	36	13
10	NWQO	1411.9016	1492.9293	0.208	2	0	1	0	9	44	69	-25
11	Upper Montgomery	1402.1491	1496.2373	0.194	2	0	0	1	9	50	73	-23
12	Bethesda-Chevy Chase	1398.5847	1500.7345	0.139	1	1	0	0	10	20	61	-41
