Date	Away Team	Score	Home Team	Location	Game ID	Overtime	Game URL
Oct 17, 2025	Upper Montgomery	8-0	DC Stars	MedStar	MHC - V - 5		https://gamesheetstats.com/seasons/10312/games/2466707
Oct 17, 2025	Sherwood	4-3	Winston Churchill	Cabin John NHL	MHC - V - 1		https://gamesheetstats.com/seasons/10312/games/2466708
Oct 17, 2025	NWQO	3-4	Rockville-Magruder	Rockville 3	MHC - V - 4		https://gamesheetstats.com/seasons/10312/games/2466709
Oct 17, 2025	Wootton	5-3	Walt Whitman	Rockville 1	MHC - V - 3		https://gamesheetstats.com/seasons/10312/games/2466710
Oct 17, 2025	Bethesda-Chevy Chase	1-5	Walter Johnson	Rockville 2	MHC - V - 2		https://gamesheetstats.com/seasons/10312/games/2466711
Oct 17, 2025	Richard Montgomery	1-5	Silver Spring	Cabin John NHL	MHC - V - 6		https://gamesheetstats.com/seasons/10312/games/2466712
Oct 24, 2025	NWQO	8-10	DC Stars	Medstar	MHC - V - 12		https://gamesheetstats.com/seasons/10312/games/2466716
Oct 24, 2025	Rockville-Magruder	0-3	Richard Montgomery	Cabin John NHL	MHC - V - 11		https://gamesheetstats.com/seasons/10312/games/2466718
Oct 24, 2025	Upper Montgomery	7-8	Silver Spring	Rockville 3	MHC - V - 10		https://gamesheetstats.com/seasons/10312/games/2466719
Oct 24, 2025	Winston Churchill	3-1	Bethesda-Chevy Chase	Rockville 1	MHC - V - 7		https://gamesheetstats.com/seasons/10312/games/2466720
Oct 24, 2025	Walt Whitman	3-1	Sherwood	Rockville 2	MHC - V - 9		https://gamesheetstats.com/seasons/10312/games/2466721
Oct 24, 2025	Walter Johnson	3-6	Wootton	Cabin John NHL	MHC - V - 8		https://gamesheetstats.com/seasons/10312/games/2466722
Oct 31, 2025	NWQO	9-3	Upper Montgomery	Rockville 3	MHC - V - 18		https://gamesheetstats.com/seasons/10312/games/2466729
Oct 31, 2025	Silver Spring	6-6	Rockville-Magruder	Rockville 2	MHC - V - 16	OT	https://gamesheetstats.com/seasons/10312/games/2466730
Oct 31, 2025	Winston Churchill	7-1	Wootton	Rockville 1	MHC - V - 13		https://gamesheetstats.com/seasons/10312/games/2466731
Oct 31, 2025	Sherwood	5-2	Walter Johnson	Cabin John NHL	MHC - V - 14		https://gamesheetstats.com/seasons/10312/games/2466732
Oct 31, 2025	Bethesda-Chevy Chase	2-3	Walt Whitman	Cabin John NHL	MHC - V - 15		https://gamesheetstats.com/seasons/10312/games/2466733
Nov 7, 2025	Silver Spring	2-4	DC Stars	MedStar	MHC - V - 22		https://gamesheetstats.com/seasons/10312/games/2466736
Nov 7, 2025	Walt Whitman	3-1	Bethesda-Chevy Chase	Cabin John NHL	MHC - V - 21		https://gamesheetstats.com/seasons/10312/games/2466737
Nov 7, 2025	Sherwood	1-4	Wootton	Rockville 1	MHC - V - 20		https://gamesheetstats.com/seasons/10312/games/2466738
Nov 7, 2025	Winston Churchill	2-0	Walter Johnson	Rockville 2	MHC - V - 19		https://gamesheetstats.com/seasons/10312/games/2466739
Nov 7, 2025	Richard Montgomery	9-2	NWQO	Rockville 3	MHC - V - 24		https://gamesheetstats.com/seasons/10312/games/2466740
Nov 7, 2025	Rockville-Magruder	6-3	Upper Montgomery	Cabin John NHL	MHC - V - 23		https://gamesheetstats.com/seasons/10312/games/2466741
Nov 14, 2025	DC Stars	2-1	Rockville-Magruder	Cabin John NHL	MHC - V - 29	OT	https://gamesheetstats.com/seasons/10312/games/2466742
Nov 14, 2025	Silver Spring	5-2	NWQO	Rockville 3	MHC - V - 28		https://gamesheetstats.com/seasons/10312/games/2466743
Nov 14, 2025	Wootton	6-0	Bethesda-Chevy Chase	Rockville 1	MHC - V - 27		https://gamesheetstats.com/seasons/10312/games/2466744
Nov 14, 2025	Walt Whitman	1-5	Winston Churchill	Rockville 2	MHC - V - 25		https://gamesheetstats.com/seasons/10312/games/2466745
Nov 14, 2025	Richard Montgomery	9-4	Upper Montgomery	Cabin John NHL	MHC - V - 30		https://gamesheetstats.com/seasons/10312/games/2466746
Nov 17, 2025	Richard Montgomery	4-1	DC Stars	Cabin John Ice Rink Olympic Rink	MHC - V - 17		https://gamesheetstats.com/seasons/10312/games/2466727
Nov 21, 2025	Rockville-Magruder	1-1	Silver Spring	Wheaton	MHC - V - 33	OT	https://gamesheetstats.com/seasons/10312/games/2466747
Nov 21, 2025	Upper Montgomery	4-7	Richard Montgomery	Cabin John NHL	MHC - V - 36		https://gamesheetstats.com/seasons/10312/games/2466748
Nov 21, 2025	Bethesda-Chevy Chase	0-10	Sherwood	Rockville 3	MHC - V - 32		https://gamesheetstats.com/seasons/10312/games/2466749
Nov 21, 2025	Wootton	1-4	Winston Churchill	Rockville 1	MHC - V - 34		https://gamesheetstats.com/seasons/10312/games/2466750
Nov 21, 2025	Walter Johnson	5-4	Walt Whitman	Rockville 2	MHC - V - 31	OT	https://gamesheetstats.com/seasons/10312/games/2466751
Nov 21, 2025	DC Stars	4-3	NWQO	Cabin John NHL	MHC - V - 35		https://gamesheetstats.com/seasons/10312/games/2466752
Dec 5, 2025	Richard Montgomery	3-5	Wootton	Cabin John NHL	MHC - V - 38		https://gamesheetstats.com/seasons/10312/games/2634589
Dec 5, 2025	Upper Montgomery	6-2	NWQO	Rockville 3	MHC - V - 40		https://gamesheetstats.com/seasons/10312/games/2634590
Dec 5, 2025	Sherwood	0-1	DC Stars	Rockville 1	MHC - V - 42		https://gamesheetstats.com/seasons/10312/games/2634591
Dec 5, 2025	Bethesda-Chevy Chase	1-10	Winston Churchill	Rockville 2	MHC - V - 37		https://gamesheetstats.com/seasons/10312/games/2634592
Dec 5, 2025	Walt Whitman	6-2	Silver Spring	Ice Gardens	MHC - V - 39		https://gamesheetstats.com/seasons/10312/games/2634593
Dec 5, 2025	Walter Johnson	3-1	Rockville-Magruder	Cabin John NHL	MHC - V - 41		https://gamesheetstats.com/seasons/10312/games/2634594
Dec 12, 2025	Walt Whitman	1-5	Wootton	Wheaton	MHC - V - 45		https://gamesheetstats.com/seasons/10312/games/2634595
Dec 12, 2025	Winston Churchill	10-3	Sherwood	Cabin John NHL	MHC - V - 43		https://gamesheetstats.com/seasons/10312/games/2634596
Dec 12, 2025	Silver Spring	11-4	Upper Montgomery	Rockville 3	MHC - V - 46		https://gamesheetstats.com/seasons/10312/games/2634597
Dec 12, 2025	Rockville-Magruder	8-2	NWQO	Rockville 1	MHC - V - 47		https://gamesheetstats.com/seasons/10312/games/2634598
Dec 12, 2025	DC Stars	0-6	Walter Johnson	Rockville 2	MHC - V - 48		https://gamesheetstats.com/seasons/10312/games/2634599
Dec 12, 2025	Bethesda-Chevy Chase	0-9	Richard Montgomery	Ice Gardens	MHC - V - 44		https://gamesheetstats.com/seasons/10312/games/2634600
Dec 16, 2025	Wootton	0-1	Sherwood	Rockville 2	MHC - V - 26		https://gamesheetstats.com/seasons/10312/games/2634601
Dec 17, 2025	NWQO	0-5	Walter Johnson	Cabin John Ice Rink NHL Rink	MHC - V - 71		https://gamesheetstats.com/seasons/10312/games/2634620
Dec 19, 2025	Sherwood	4-2	Bethesda-Chevy Chase	Rockville 3	MHC - V - 53		https://gamesheetstats.com/seasons/10312/games/2634602
Dec 19, 2025	DC Stars	7-5	Walt Whitman	Cabin John NHL	MHC - V - 51		https://gamesheetstats.com/seasons/10312/games/2634603
Dec 19, 2025	Upper Montgomery	2-4	Rockville-Magruder	Rockville 3	MHC - V - 54		https://gamesheetstats.com/seasons/10312/games/2634604
Dec 19, 2025	NWQO	5-3	Richard Montgomery	Rockville 1	MHC - V - 52		https://gamesheetstats.com/seasons/10312/games/2634605
Dec 19, 2025	Wootton	0-5	Walter Johnson	Rockville 2	MHC - V - 50		https://gamesheetstats.com/seasons/10312/games/2634606
Dec 19, 2025	Silver Spring	1-4	Winston Churchill	Cabin John NHL	MHC - V - 49		https://gamesheetstats.com/seasons/10312/games/2634607
Jan 2, 2026	Sherwood	9-2	Walt Whitman	Rockville 2	MHC - V - 57		https://gamesheetstats.com/seasons/10312/games/2634608
Jan 2, 2026	Winston Churchill	4-0	Richard Montgomery	Rockville 2	MHC - V - 55		https://gamesheetstats.com/seasons/10312/games/2634609
Jan 2, 2026	Bethesda-Chevy Chase	7-3	NWQO	Rockville 3	MHC - V - 59		https://gamesheetstats.com/seasons/10312/games/2634610
Jan 2, 2026	DC Stars	2-4	Silver Spring	Wheaton	MHC - V - 60		https://gamesheetstats.com/seasons/10312/games/2634611
Jan 2, 2026	Rockville-Magruder	2-7	Wootton	The Gardens Ice House, Laurel MD	MHC - V - 56		https://gamesheetstats.com/seasons/10312/games/2634612
Jan 2, 2026	Walter Johnson	9-3	Upper Montgomery	Cabin John NHL	MHC - V - 58		https://gamesheetstats.com/seasons/10312/games/2634613
Jan 9, 2026	DC Stars	5-4	Upper Montgomery	Cabin John NHL	MHC - V - 66		https://gamesheetstats.com/seasons/10312/games/2634614
Jan 9, 2026	Richard Montgomery	1-4	Rockville-Magruder	Rockville 3	MHC - V - 64		https://gamesheetstats.com/seasons/10312/games/2634615
Jan 9, 2026	Wootton	3-2	Bethesda-Chevy Chase	Rockville 1	MHC - V - 62		https://gamesheetstats.com/seasons/10312/games/2634616
Jan 9, 2026	NWQO	5-5	Silver Spring	Rockville 2	MHC - V - 65	OT	https://gamesheetstats.com/seasons/10312/games/2634617
Jan 9, 2026	Walter Johnson	7-1	Sherwood	Ice Gardens	MHC - V - 63		https://gamesheetstats.com/seasons/10312/games/2634618
Jan 9, 2026	Winston Churchill	8-2	Walt Whitman	Cabin John NHL	MHC - V - 61		https://gamesheetstats.com/seasons/10312/games/2634619
Jan 23, 2026	Walt Whitman	2-0	Richard Montgomery	Cabin John NHL	MHC - V - 68		https://gamesheetstats.com/seasons/10312/games/2634621
Jan 23, 2026	Upper Montgomery	2-3	Bethesda-Chevy Chase	Rockville 3	MHC - V - 72	OT	https://gamesheetstats.com/seasons/10312/games/2634622
Jan 23, 2026	Rockville-Magruder	4-0	DC Stars	Rockville 1	MHC - V - 70		https://gamesheetstats.com/seasons/10312/games/2634623
Jan 23, 2026	Walter Johnson	4-1	Winston Churchill	Rockville 2	MHC - V - 67		https://gamesheetstats.com/seasons/10312/games/2634624
Jan 23, 2026	Silver Spring	7-6	Sherwood	Cabin John NHL	MHC - V - 69		https://gamesheetstats.com/seasons/10312/games/2634625
