Date	Away Team	Score	Home Team	Location	Game ID	Overtime
Oct 17, 2025	Silver Spring	7-6	Sherwood	Cabin John NHL	MHC - V - 69	
Oct 17, 2025	Walter Johnson	4-1	Winston Churchill	Rockville 2	MHC - V - 67	
Oct 17, 2025	Rockville-Magruder	4-0	DC Stars Varsity	Rockville 1	MHC - V - 70	
Oct 17, 2025	Upper Montgomery	2-3	Bethesda-Chevy Chase	Rockville 3	MHC - V - 72	OT
Oct 17, 2025	Walt Whitman	2-0	Richard Montgomery	Cabin John NHL	MHC - V - 68	
Oct 17, 2025	Winston Churchill	8-2	Walt Whitman	Cabin John NHL	MHC - V - 61	
Oct 24, 2025	Walter Johnson	7-1	Sherwood	Ice Gardens	MHC - V - 63	
Oct 24, 2025	NWQO	5-5	Silver Spring	Rockville 2	MHC - V - 65	
Oct 24, 2025	Wootton	3-2	Bethesda-Chevy Chase	Rockville 1	MHC - V - 62	
Oct 24, 2025	Richard Montgomery	1-4	Rockville-Magruder	Rockville 3	MHC - V - 64	
Oct 24, 2025	DC Stars Varsity	5-4	Upper Montgomery	Cabin John NHL	MHC - V - 66	
Oct 24, 2025	Walter Johnson	9-3	Upper Montgomery	Cabin John NHL	MHC - V - 58	
Oct 31, 2025	Rockville-Magruder	2-7	Wootton	The Gardens Ice House, Laurel MD	MHC - V - 56	
Oct 31, 2025	DC Stars Varsity	2-4	Silver Spring	Wheaton	MHC - V - 60	
Oct 31, 2025	Bethesda-Chevy Chase	7-3	NWQO	Rockville 3	MHC - V - 59	
Oct 31, 2025	Winston Churchill	4-0	Richard Montgomery	Rockville 2	MHC - V - 55	
Oct 31, 2025	Sherwood	9-2	Walt Whitman	Rockville 2	MHC - V - 57	
Nov 7, 2025	Silver Spring	1-4	Winston Churchill	Cabin John NHL	MHC - V - 49	
Nov 7, 2025	Wootton	0-5	Walter Johnson	Rockville 2	MHC - V - 50	
Nov 7, 2025	NWQO	5-3	Richard Montgomery	Rockville 1	MHC - V - 52	
Nov 7, 2025	Upper Montgomery	2-4	Rockville-Magruder	Rockville 3	MHC - V - 54	
Nov 7, 2025	DC Stars Varsity	7-5	Walt Whitman	Cabin John NHL	MHC - V - 51	
Nov 7, 2025	Sherwood	4-2	Bethesda-Chevy Chase	Rockville 3	MHC - V - 53	
Nov 14, 2025	NWQO	0-5	Walter Johnson	Cabin John Ice Rink NHL Rink	MHC - V - 71	
Nov 14, 2025	Wootton	0-1	Sherwood	Rockville 2	MHC - V - 26	
Nov 14, 2025	DC Stars Varsity	0-6	Walter Johnson	Rockville 2	MHC - V - 48	
Nov 14, 2025	Bethesda-Chevy Chase	0-9	Richard Montgomery	Ice Gardens	MHC - V - 44	
Nov 14, 2025	Rockville-Magruder	8-2	NWQO	Rockville 1	MHC - V - 47	
Nov 17, 2025	Silver Spring	11-4	Upper Montgomery	Rockville 3	MHC - V - 46	
Nov 21, 2025	Winston Churchill	10-3	Sherwood	Cabin John NHL	MHC - V - 43	
Nov 21, 2025	Walt Whitman	1-5	Wootton	Wheaton	MHC - V - 45	
Nov 21, 2025	Walter Johnson	3-1	Rockville-Magruder	Cabin John NHL	MHC - V - 41	
Nov 21, 2025	Walt Whitman	6-2	Silver Spring	Ice Gardens	MHC - V - 39	
Nov 21, 2025	Bethesda-Chevy Chase	1-10	Winston Churchill	Rockville 2	MHC - V - 37	
Nov 21, 2025	Sherwood	0-1	DC Stars Varsity	Rockville 1	MHC - V - 42	
Dec 5, 2025	Upper Montgomery	6-2	NWQO	Rockville 3	MHC - V - 40	
Dec 5, 2025	Richard Montgomery	3-5	Wootton	Cabin John NHL	MHC - V - 38	
Dec 5, 2025	DC Stars Varsity	4-3	NWQO	Cabin John NHL	MHC - V - 35	
Dec 5, 2025	Walter Johnson	5-4	Walt Whitman	Rockville 2	MHC - V - 31	OT
Dec 5, 2025	Wootton	1-4	Winston Churchill	Rockville 1	MHC - V - 34	
Dec 5, 2025	Upper Montgomery	4-7	Richard Montgomery	Cabin John NHL	MHC - V - 36	
Dec 12, 2025	Bethesda-Chevy Chase	0-10	Sherwood	Rockville 3	MHC - V - 32	
Dec 12, 2025	Rockville-Magruder	1-1	Silver Spring	Wheaton	MHC - V - 33	
Dec 12, 2025	Richard Montgomery	4-1	DC Stars Varsity	Cabin John Ice Rink Olympic Rink	MHC - V - 17	
Dec 12, 2025	Richard Montgomery	9-4	Upper Montgomery	Cabin John NHL	MHC - V - 30	
Dec 12, 2025	Walt Whitman	1-5	Winston Churchill	Rockville 2	MHC - V - 25	
Dec 12, 2025	Wootton	6-0	Bethesda-Chevy Chase	Rockville 1	MHC - V - 27	
Dec 16, 2025	Silver Spring	5-2	NWQO	Rockville 3	MHC - V - 28	
Dec 17, 2025	DC Stars Varsity	2-1	Rockville-Magruder	Cabin John NHL	MHC - V - 29	OT
Dec 19, 2025	Rockville-Magruder	6-3	Upper Montgomery	Cabin John NHL	MHC - V - 23	
Dec 19, 2025	Richard Montgomery	9-2	NWQO	Rockville 3	MHC - V - 24	
Dec 19, 2025	Winston Churchill	2-0	Walter Johnson	Rockville 2	MHC - V - 19	
Dec 19, 2025	Sherwood	1-4	Wootton	Rockville 1	MHC - V - 20	
Dec 19, 2025	Walt Whitman	3-1	Bethesda-Chevy Chase	Cabin John NHL	MHC - V - 21	
Dec 19, 2025	Silver Spring	2-4	DC Stars Varsity	MedStar	MHC - V - 22	
Jan 2, 2026	Bethesda-Chevy Chase	2-3	Walt Whitman	Cabin John NHL	MHC - V - 15	
Jan 2, 2026	Sherwood	5-2	Walter Johnson	Cabin John NHL	MHC - V - 14	
Jan 2, 2026	Winston Churchill	7-1	Wootton	Rockville 1	MHC - V - 13	
Jan 2, 2026	Silver Spring	6-6	Rockville-Magruder	Rockville 2	MHC - V - 16	
Jan 2, 2026	NWQO	9-3	Upper Montgomery	Rockville 3	MHC - V - 18	
Jan 2, 2026	Walter Johnson	3-6	Wootton	Cabin John NHL	MHC - V - 8	
Jan 9, 2026	Walt Whitman	3-1	Sherwood	Rockville 2	MHC - V - 9	
Jan 9, 2026	Winston Churchill	3-1	Bethesda-Chevy Chase	Rockville 1	MHC - V - 7	
Jan 9, 2026	Upper Montgomery	7-8	Silver Spring	Rockville 3	MHC - V - 10	
Jan 9, 2026	Rockville-Magruder	0-3	Richard Montgomery	Cabin John NHL	MHC - V - 11	
Jan 9, 2026	NWQO	8-10	DC Stars Varsity	Medstar	MHC - V - 12	
Jan 9, 2026	Richard Montgomery	1-5	Silver Spring	Cabin John NHL	MHC - V - 6	
Jan 23, 2026	Bethesda-Chevy Chase	1-5	Walter Johnson	Rockville 2	MHC - V - 2	
Jan 23, 2026	Wootton	5-3	Walt Whitman	Rockville 1	MHC - V - 3	
Jan 23, 2026	NWQO	3-4	Rockville-Magruder	Rockville 3	MHC - V - 4	
Jan 23, 2026	Sherwood	4-3	Winston Churchill	Cabin John NHL	MHC - V - 1	
Jan 23, 2026	Upper Montgomery	8-0	DC Stars Varsity	MedStar	MHC - V - 5	
