Week	Bethesda-Chevy Chase	DC Stars Varsity	NWQO	Richard Montgomery	Rockville-Magruder	Sherwood	Silver Spring	Upper Montgomery	Walt Whitman	Walter Johnson	Winston Churchill	Wootton
2025-W42	0.3750	0.3750	0.3750	0.3750	0.6250	0.6250	0.6250	0.6250	0.3750	0.6250	0.3750	0.6250
2025-W43	0.2333	0.4444	0.2222	0.5556	0.4444	0.5000	0.7778	0.5556	0.5667	0.5000	0.4333	0.7667
2025-W44	0.2125	0.4444	0.3746	0.5556	0.5254	0.6125	0.6968	0.4032	0.5875	0.3875	0.5875	0.6125
2025-W45	0.1963	0.5561	0.3438	0.6002	0.5634	0.5434	0.5938	0.3428	0.6037	0.3423	0.6280	0.6862
2025-W46	0.1872	0.5764	0.3125	0.6319	0.5416	0.5447	0.6250	0.3125	0.5420	0.3511	0.6875	0.6875
2025-W47	0.1667	0.5500	0.2833	0.7000	0.5500	0.5625	0.6167	0.3000	0.5000	0.3959	0.7375	0.6375
2025-W49	0.2259	0.5532	0.1966	0.6141	0.4469	0.5481	0.5162	0.2931	0.5955	0.4993	0.7833	0.7277
2025-W50	0.2274	0.4933	0.1566	0.6152	0.4627	0.5302	0.5279	0.2555	0.5773	0.5612	0.8199	0.7728
2025-W51	0.1986	0.5604	0.2346	0.5344	0.5028	0.5960	0.5137	0.2392	0.5146	0.6279	0.8232	0.6547
2026-W01	0.2551	0.5046	0.1759	0.5068	0.4595	0.6492	0.5332	0.2080	0.5064	0.6402	0.8655	0.6957
2026-W02	0.2454	0.5196	0.2025	0.4728	0.5004	0.6135	0.5134	0.1996	0.4914	0.6780	0.8661	0.6973
2026-W04	0.2458	0.4934	0.2080	0.4435	0.5382	0.5738	0.5519	0.1976	0.5149	0.7174	0.8206	0.6948
